{
  "bm25": {
    "ndcg@10": 0.6423987864047259,
    "mrr": 0.8742924114966703,
    "recall@50": 0.6395299510488133,
    "judged_queries": 317
  },
  "bm25_structured": {
    "ndcg@10": 0.6596866797806749,
    "mrr": 0.8799050094294225,
    "recall@50": 0.6299980506356853,
    "judged_queries": 317
  },
  "dense_bge": {
    "ndcg@10": 0.6777130686648734,
    "mrr": 0.920410276719425,
    "recall@50": 0.6401158493623701,
    "judged_queries": 317
  },
  "hybrid_rrf": {
    "ndcg@10": 0.7142429587442886,
    "mrr": 0.9132931386874605,
    "recall@50": 0.8920704583691951,
    "judged_queries": 317
  },
  "hybrid_graph": {
    "ndcg@10": 0.7142429587442886,
    "mrr": 0.9132931386874605,
    "recall@50": 0.8920704583691951,
    "judged_queries": 317
  },
  "typed_kg": {
    "ndcg@10": 0.7141990007455228,
    "mrr": 0.9132931386874605,
    "recall@50": 0.8920704583691951,
    "judged_queries": 317
  },
  "typed_kg_qualified": {
    "ndcg@10": 0.714424888164964,
    "mrr": 0.9132931386874605,
    "recall@50": 0.8923579426701118,
    "judged_queries": 317
  },
  "full": {
    "ndcg@10": 0.7142429587442886,
    "mrr": 0.9132931386874605,
    "recall@50": 0.8945924200714716,
    "judged_queries": 317
  }
}